youtrackUserId,token
11,perm:TGFzdG5hbWUxMV9GaXJzdG5hbWUxMV9TdXJuYW1lMTE=.NDctMjY3.exPGyRScxLMRuHl3ODSOsKUZB7Y6EY
13,perm:TGFzdG5hbWUxM19GaXJzdG5hbWUxM19TdXJuYW1lMTM=.NDctMjY4.TyANIFbYFJjf7kyEDc40DeWuF87cdk
6,perm:TGFzdG5hbWU2X0ZpcnN0bmFtZTZfU3VybmFtZTY=.NDctMjY5.X0PwGkOqvL2Pt9l6lSUItGthElGwgE
14,perm:TGFzdG5hbWUxNF9GaXJzdG5hbWUxNF9TdXJuYW1lMTQ=.NDctMjcw.LgGvq9zzlHB5WqcXm9FytNUzF5kAvA
10,perm:TGFzdG5hbWUxMF9GaXJzdG5hbWUxMF9TdXJuYW1lMTA=.NDctMjcx.vFng8TyEx78YbHcIHYxWvS4KygLejg
4,perm:TGFzdG5hbWU0X0ZpcnN0bmFtZTRfU3VybmFtZTQ=.NDctMjcy.RLJcGeOxCu0Ft7yOdqmpux68DvE83x
3,perm:TGFzdG5hbWUzX0ZpcnN0bmFtZTNfU3VybmFtZTM=.NDctMjcz.0DCICcv9eughi8R6v8Yd9bR6BJk7pl
26,perm:TGFzdG5hbWUyNl9GaXJzdG5hbWUyNl9TdXJuYW1lMjY=.NDctMjc0.x0RcBi1hr5qqOaE8Z4aj8PWhfHBQm3
20,perm:TGFzdG5hbWUyMF9GaXJzdG5hbWUyMF9TdXJuYW1lMjA=.NDctMjc1.majzxuVSZweT7TOjCWCXRaDtEEGdEt
29,perm:TGFzdG5hbWUyOV9GaXJzdG5hbWUyOV9TdXJuYW1lMjk=.NDctMjc2.9U3Xda8RiI7RnW9NNNVn5gq2DzLBTI
2,perm:TGFzdG5hbWUyX0ZpcnN0bmFtZTJfU3VybmFtZTI=.NDctMjc3.wobYNXH4kEtGwzo41tzJ247e4177WW
1,perm:TGFzdG5hbWUxX0ZpcnN0bmFtZTFfU3VybmFtZTE=.NDctMjc4.fllspGfKqXpt9U2cnOKNkJzjEnrokb
8,perm:TGFzdG5hbWU4X0ZpcnN0bmFtZThfU3VybmFtZTg=.NDctMjc5.XpHUwJ9pNlOpN1twiFoS0cXD5DSkgP
24,perm:TGFzdG5hbWUyNF9GaXJzdG5hbWUyNF9TdXJuYW1lMjQ=.NDctMjgw.G3H6UpRll1J7qvNHCaxLOKZozuA7sb
27,perm:TGFzdG5hbWUyN19GaXJzdG5hbWUyN19TdXJuYW1lMjc=.NDctMjgx.0NQFDTSISw5Cn39BCYzJLbTy5a9HsO
7,perm:TGFzdG5hbWU3X0ZpcnN0bmFtZTdfU3VybmFtZTc=.NDctMjgy.zU3Gmx5Yw3ESwjRgf8xCL0BoVaLW5V
12,perm:TGFzdG5hbWUxMl9GaXJzdG5hbWUxMl9TdXJuYW1lMTI=.NDctMjgz.hofoXvNR6AIy0MyXWFspXvyB5hOGCf
30,perm:TGFzdG5hbWUzMF9GaXJzdG5hbWUzMF9TdXJuYW1lMzA=.NDctMjg0.0wE12G2R5rewmKpE8ZnGDTZh0yCPiD
19,perm:TGFzdG5hbWUxOV9GaXJzdG5hbWUxOV9TdXJuYW1lMTk=.NDctMjg1.A0U3rXgy3tDEX3R3HRFeBsAVPGfgEh
45,perm:TGFzdG5hbWU0NV9GaXJzdG5hbWU0NV9TdXJuYW1lNDU=.NDctMjg2.o7ViWoBx6ysotUvuR7H8FNyUxiBTtb
46,perm:TGFzdG5hbWU0Nl9GaXJzdG5hbWU0Nl9TdXJuYW1lNDY=.NDctMjg3.vuIxdc2MDrOfBw0KRp2pRCcY4cyeTi
16,perm:TGFzdG5hbWUxNl9GaXJzdG5hbWUxNl9TdXJuYW1lMTY=.NDctMjg4.sU4FLYE9bxHziTnNM2cj9qrTFhrlM4
5,perm:TGFzdG5hbWU1X0ZpcnN0bmFtZTVfU3VybmFtZTU=.NDctMjg5.70iyhnesG3Zo1gxprBPF6KIf5Udju4
9,perm:TGFzdG5hbWU5X0ZpcnN0bmFtZTlfU3VybmFtZTk=.NDctMjkw.Dob1mo31qOKbD0b06SC0ZYoljBNmKT
28,perm:TGFzdG5hbWUyOF9GaXJzdG5hbWUyOF9TdXJuYW1lMjg=.NDctMjkx.zBPabVTkBjoqt1ExY298OKKVP6yuv7
15,perm:TGFzdG5hbWUxNV9GaXJzdG5hbWUxNV9TdXJuYW1lMTU=.NDctMjky.xXB89NondU9ukk2fB8uFYHjidnjfb9
17,perm:TGFzdG5hbWUxN19GaXJzdG5hbWUxN19TdXJuYW1lMTc=.NDctMjkz.es6PCQ8r9QFd6sPAOLq8qOnrvyxo93
36,perm:TGFzdG5hbWUzNl9GaXJzdG5hbWUzNl9TdXJuYW1lMzY=.NDctMjk0.syB8VejOSsdn83Tt6PmpIHaxecMwtR
34,perm:TGFzdG5hbWUzNF9GaXJzdG5hbWUzNF9TdXJuYW1lMzQ=.NDctMjk1.uBtu4IIxxukRYGsb7195vnEgbchHfO
18,perm:TGFzdG5hbWUxOF9GaXJzdG5hbWUxOF9TdXJuYW1lMTg=.NDctMjk2.K2VFiPiJ4MiOwV2a9W3cbBWfTxGUMn
21,perm:TGFzdG5hbWUyMV9GaXJzdG5hbWUyMV9TdXJuYW1lMjE=.NDctMjk5.VW7VlnLauAaXrWyEJavuBctD3mt2GZ
50,perm:TGFzdG5hbWU1MF9GaXJzdG5hbWU1MF9TdXJuYW1lNTA=.NDctMjk3.i4sIGSLDOAAcZdXIEriLJaLgPJcgC6
35,perm:TGFzdG5hbWUzNV9GaXJzdG5hbWUzNV9TdXJuYW1lMzU=.NDctMzAw.lfvYsMMdiX3uNRPMpGPg6L6qF6E59D
22,perm:TGFzdG5hbWUyMl9GaXJzdG5hbWUyMl9TdXJuYW1lMjI=.NDctMjk4.AK0jiMkrPoaJ7927A9MZzUu8UVTxH1
66,perm:TGFzdG5hbWU2Nl9GaXJzdG5hbWU2Nl9TdXJuYW1lNjY=.NDctMzAx.5HILBcJ2dlixZH6c5YEvFdgozzGHoO
32,perm:TGFzdG5hbWUzMl9GaXJzdG5hbWUzMl9TdXJuYW1lMzI=.NDctMzAy.Np5IWy6An01h8lqg0MUkl1x3iCLLrv
61,perm:TGFzdG5hbWU2MV9GaXJzdG5hbWU2MV9TdXJuYW1lNjE=.NDctMzAz.62vYY2ksXdJhvLWSzj61HfHlGWWKBi
37,perm:TGFzdG5hbWUzN19GaXJzdG5hbWUzN19TdXJuYW1lMzc=.NDctMzA0.tXw9QwIILRFwtFvuDebgRYRMEd3cMq
38,perm:TGFzdG5hbWUzOF9GaXJzdG5hbWUzOF9TdXJuYW1lMzg=.NDctMzA1.oQIknKUzmSRPPmCdj7sPby0hyN9x0o
48,perm:TGFzdG5hbWU0OF9GaXJzdG5hbWU0OF9TdXJuYW1lNDg=.NDctMzA2.f8e22Z0ntO7F8gZeVSe3N302F0dVHL
25,perm:TGFzdG5hbWUyNV9GaXJzdG5hbWUyNV9TdXJuYW1lMjU=.NDctMzA3.iBCLfVvhb86Br3ES26mGhAGyELl9a1
23,perm:TGFzdG5hbWUyM19GaXJzdG5hbWUyM19TdXJuYW1lMjM=.NDctMzA4.2NmhNgdrbItfkdyvNElqDSpwkLbvf4
51,perm:TGFzdG5hbWU1MV9GaXJzdG5hbWU1MV9TdXJuYW1lNTE=.NDctMzA5.eynmwvYqpZGsAlEw4DDwz9LG8rL9AQ
77,perm:TGFzdG5hbWU3N19GaXJzdG5hbWU3N19TdXJuYW1lNzc=.NDctMzEw.iUnapFxvcw0AtYpCIYMw8pDqb5tdWh
33,perm:TGFzdG5hbWUzM19GaXJzdG5hbWUzM19TdXJuYW1lMzM=.NDctMzEx.CAwyrsNcz9NFb5HpPBeCl30mJn6nnp
52,perm:TGFzdG5hbWU1Ml9GaXJzdG5hbWU1Ml9TdXJuYW1lNTI=.NDctMzEy.abW4jAIFXqMOvpyuMTE9atodojF17x
43,perm:TGFzdG5hbWU0M19GaXJzdG5hbWU0M19TdXJuYW1lNDM=.NDctMzEz.uLn4LMh5OJOtNuSdU3Jf3OL0s6RETy
67,perm:TGFzdG5hbWU2N19GaXJzdG5hbWU2N19TdXJuYW1lNjc=.NDctMzE0.KvlyevtLKibeC5jMWv5SZhfpBq2UrE
42,perm:TGFzdG5hbWU0Ml9GaXJzdG5hbWU0Ml9TdXJuYW1lNDI=.NDctMzE1.XoihM9b6Go0qXS35Rrf8wA70iYtxNG
31,perm:TGFzdG5hbWUzMV9GaXJzdG5hbWUzMV9TdXJuYW1lMzE=.NDctMzE2.4AQsyPafyk7Oa0NtPPeUzAasZZj1Aa
62,perm:TGFzdG5hbWU2Ml9GaXJzdG5hbWU2Ml9TdXJuYW1lNjI=.NDctMzE3.ndDIuBLXCHl8ePxwwMYw15rS5sRhcc
49,perm:TGFzdG5hbWU0OV9GaXJzdG5hbWU0OV9TdXJuYW1lNDk=.NDctMzE4.q12r7XlfSVDwiuwGsl1LKvicFSG5R6
78,perm:TGFzdG5hbWU3OF9GaXJzdG5hbWU3OF9TdXJuYW1lNzg=.NDctMzE5.W8TnM3RoWHxWvGo1oX8W2zF9n0vcRM
40,perm:TGFzdG5hbWU0MF9GaXJzdG5hbWU0MF9TdXJuYW1lNDA=.NDctMzIw.sCeA3bYHhHKjsnwpR04ryx1cQMTIWQ
65,perm:TGFzdG5hbWU2NV9GaXJzdG5hbWU2NV9TdXJuYW1lNjU=.NDctMzIx.0olPx9jXJsZ5XSQdkLCyK9q2WEZKZ8
44,perm:TGFzdG5hbWU0NF9GaXJzdG5hbWU0NF9TdXJuYW1lNDQ=.NDctMzIy.OohW8hMVgg2KLceLZPOYSo1nJhfYME
94,perm:TGFzdG5hbWU5NF9GaXJzdG5hbWU5NF9TdXJuYW1lOTQ=.NDctMzIz.sHqQLGC3fMJaUnwOSbJ696Gfm2JLIq
56,perm:TGFzdG5hbWU1Nl9GaXJzdG5hbWU1Nl9TdXJuYW1lNTY=.NDctMzI0.60o1yLzqXYcNsbNqNiOZoNK0hrWpbX
47,perm:TGFzdG5hbWU0N19GaXJzdG5hbWU0N19TdXJuYW1lNDc=.NDctMzI1.oVlq1B1s7YbOG8l3rXnLF1yARapDJ1
82,perm:TGFzdG5hbWU4Ml9GaXJzdG5hbWU4Ml9TdXJuYW1lODI=.NDctMzI2.3KuC302M5q56JP5370IHj94J4ap6HW
63,perm:TGFzdG5hbWU2M19GaXJzdG5hbWU2M19TdXJuYW1lNjM=.NDctMzI3.rjKTqjUP2EVDPlgfRlkT9xaRWp8FmE
81,perm:TGFzdG5hbWU4MV9GaXJzdG5hbWU4MV9TdXJuYW1lODE=.NDctMzI4.KAbHCmKvNSD4L5zBAi1ebsdPECNPrC
98,perm:TGFzdG5hbWU5OF9GaXJzdG5hbWU5OF9TdXJuYW1lOTg=.NDctMzI5.oCfASvID5XTasmXoPwYNBavunLqym3
60,perm:TGFzdG5hbWU2MF9GaXJzdG5hbWU2MF9TdXJuYW1lNjA=.NDctMzMw.HbYz6dkOwafVx0YHXEZefzjztu2rtE
54,perm:TGFzdG5hbWU1NF9GaXJzdG5hbWU1NF9TdXJuYW1lNTQ=.NDctMzMx.Z0RCP7iHOWlshlFd7P8PhEqoP7ASTX
72,perm:TGFzdG5hbWU3Ml9GaXJzdG5hbWU3Ml9TdXJuYW1lNzI=.NDctMzMy.kgq1KhQzRwR5tEqPOcJ4mckDiPd3kR
53,perm:TGFzdG5hbWU1M19GaXJzdG5hbWU1M19TdXJuYW1lNTM=.NDctMzMz.Ib9kiGHYpqFDc97mhpvL8wAWqxlhmq
76,perm:TGFzdG5hbWU3Nl9GaXJzdG5hbWU3Nl9TdXJuYW1lNzY=.NDctMzM0.eY3Hxv9bmjYRbRJxWgOPtLPhnmDcKe
39,perm:TGFzdG5hbWUzOV9GaXJzdG5hbWUzOV9TdXJuYW1lMzk=.NDctMzM1.0JscxjaCbQCU8gaQ8TBZvh6SW4R08Q
69,perm:TGFzdG5hbWU2OV9GaXJzdG5hbWU2OV9TdXJuYW1lNjk=.NDctMzM2.wIWOL9gJmIjPrw0J7bbbFuFex7FJ9B
41,perm:TGFzdG5hbWU0MV9GaXJzdG5hbWU0MV9TdXJuYW1lNDE=.NDctMzM3.Dx1MsmdBtO1T6h0OLC1rNBu2ceMhdC
64,perm:TGFzdG5hbWU2NF9GaXJzdG5hbWU2NF9TdXJuYW1lNjQ=.NDctMzM4.3Z7Jffm0Z8A444U5Dhs6DQEGXoc7qF
92,perm:TGFzdG5hbWU5Ml9GaXJzdG5hbWU5Ml9TdXJuYW1lOTI=.NDctMzM5.32d8k7SB7f5WtAYbaADG1A1eFqEPO3
85,perm:TGFzdG5hbWU4NV9GaXJzdG5hbWU4NV9TdXJuYW1lODU=.NDctMzQw.LKmaAN4FX180a5QmDECgaCFsyucsVf
93,perm:TGFzdG5hbWU5M19GaXJzdG5hbWU5M19TdXJuYW1lOTM=.NDctMzQx.GVdF1YbGL0ZvSlbPcXBjFubFxpwvMl
68,perm:TGFzdG5hbWU2OF9GaXJzdG5hbWU2OF9TdXJuYW1lNjg=.NDctMzQy.M8YFYbPpeTaAfnX4g8Exv1RYbGi5Wd
80,perm:TGFzdG5hbWU4MF9GaXJzdG5hbWU4MF9TdXJuYW1lODA=.NDctMzQz.KUgzSXDa3QR5h6dDLCisyo2vnl4LBD
83,perm:TGFzdG5hbWU4M19GaXJzdG5hbWU4M19TdXJuYW1lODM=.NDctMzQ0.VxvA4fFRgAetY2578NTMHPOBMxKCVW
58,perm:TGFzdG5hbWU1OF9GaXJzdG5hbWU1OF9TdXJuYW1lNTg=.NDctMzQ1.zio6rYXi2wLcx0mjZIMxxE57YuUasB
59,perm:TGFzdG5hbWU1OV9GaXJzdG5hbWU1OV9TdXJuYW1lNTk=.NDctMzQ2.g1IQi5yjckumgrdkDQLfuXCJXhcSCD
84,perm:TGFzdG5hbWU4NF9GaXJzdG5hbWU4NF9TdXJuYW1lODQ=.NDctMzQ3.KaU4GfeLY4wbzToiveVCiacpvsljJj
96,perm:TGFzdG5hbWU5Nl9GaXJzdG5hbWU5Nl9TdXJuYW1lOTY=.NDctMzQ4.kZpKnGzfmaWvGTk8VdQYuMObL0LPEZ
75,perm:TGFzdG5hbWU3NV9GaXJzdG5hbWU3NV9TdXJuYW1lNzU=.NDctMzQ5.xdMIZfhwzM4rALbyzOg9tsejSIzyMC
97,perm:TGFzdG5hbWU5N19GaXJzdG5hbWU5N19TdXJuYW1lOTc=.NDctMzUx.GE4xDJDEodDhFvw6ZvNl9fYIOxUYO1
79,perm:TGFzdG5hbWU3OV9GaXJzdG5hbWU3OV9TdXJuYW1lNzk=.NDctMzUw.Z4kIXZnvDVfLyfwabUjUQodA1jYn2W
70,perm:TGFzdG5hbWU3MF9GaXJzdG5hbWU3MF9TdXJuYW1lNzA=.NDctMzUy.pczEElskPizbdsLmwpIIntK9lmhKc7
55,perm:TGFzdG5hbWU1NV9GaXJzdG5hbWU1NV9TdXJuYW1lNTU=.NDctMzU2.OwUJEHN1oFuYxpik5fMnxRPCABkvye
88,perm:TGFzdG5hbWU4OF9GaXJzdG5hbWU4OF9TdXJuYW1lODg=.NDctMzUz.2NZVw2k1OE8vKWXD3ipOGWi3ehQeZ0
99,perm:TGFzdG5hbWU5OV9GaXJzdG5hbWU5OV9TdXJuYW1lOTk=.NDctMzU4.YnXcXpCLqXJGifD1AwIyqvPMQSwwwY
57,perm:TGFzdG5hbWU1N19GaXJzdG5hbWU1N19TdXJuYW1lNTc=.NDctMzU3.kUlKP4pCMjvFQ7yFu4Uif0GhHKSjDc
95,perm:TGFzdG5hbWU5NV9GaXJzdG5hbWU5NV9TdXJuYW1lOTU=.NDctMzU1.ZSvwRxGCItIIc4ewAfa9VQkPkjInp1
91,perm:TGFzdG5hbWU5MV9GaXJzdG5hbWU5MV9TdXJuYW1lOTE=.NDctMzU0.q3XCcpJyYPXfJObdVEItHWlBQsENbV
100,perm:TGFzdG5hbWUxMDBfRmlyc3RuYW1lMTAwX1N1cm5hbWUxMDA=.NDctMzYw.mF5H69Kzk6D0VCfdqXx8wmJQ33YwaZ
74,perm:TGFzdG5hbWU3NF9GaXJzdG5hbWU3NF9TdXJuYW1lNzQ=.NDctMzU5.eBCig31ndXsXc32By8CkBGdiV5YIkk
90,perm:TGFzdG5hbWU5MF9GaXJzdG5hbWU5MF9TdXJuYW1lOTA=.NDctMzYx.xaHR1zoC6Y8asIdeeECEt2zPyI0sFi
86,perm:TGFzdG5hbWU4Nl9GaXJzdG5hbWU4Nl9TdXJuYW1lODY=.NDctMzYy.FFHpJWyYtiGbAXtyn4tPBlbaBWwYDN
71,perm:TGFzdG5hbWU3MV9GaXJzdG5hbWU3MV9TdXJuYW1lNzE=.NDctMzYz.Z1MBzviXIJ5Ug3CKFkTOJZ7SRpQCvy
73,perm:TGFzdG5hbWU3M19GaXJzdG5hbWU3M19TdXJuYW1lNzM=.NDctMzY0.JXkLJLVFzrLzDWDjrjcodO63qHPw82
89,perm:TGFzdG5hbWU4OV9GaXJzdG5hbWU4OV9TdXJuYW1lODk=.NDctMzY1.CUW7BXMXHfEYFHG2l9ys6ndFyKGYUb